Workbook

Sheet Read me
A1: DRS WOS Hero Roster Template
A2: Digital Revenue Studio, Whiteout Survival Wiki. Draft v1, 26 October 2026. Unofficial fan tool.
A4: How to use
A5: 1 | B5: Open the Roster sheet. Every hero is listed by generation. Fill in the cream-coloured cells with blue text.
A6: 2 | B6: Set "Have hero?" to Yes or No. For heroes you own, fill in stars, star progress, each skill level, and the widget level.
A7: 3 | B7: Grey "n/a" cells mean that hero has no such skill or widget. Leave them alone.
A8: 4 | B8: The Check column tells you if anything is missing. The Summary sheet counts your roster by generation.
A9: 5 | B9: Save the file. You can import it into the DRS Roster Advisor and Bear tool (import coming in the next update). Do not rename the columns or the Hero ID column.
A11: Columns
A12: Stars | B12: 0 to 5 stars.
A13: Star progress | B13: How many of the 5 segments towards your next star you have filled (0 to 5). Use 0 for a 5-star hero.
A14: Exploration Lv | B14: Levels 1 to 5 for the Exploration skills (PvE).
A15: Expedition Lv | B15: Levels 1 to 5 for the Expedition skills (rallies, garrisons, field battles). The first Expedition skill is the one that counts when you join a Bear Trap rally. Natalia and Jeronimo have a fourth Expedition skill.
A16: Widget level | B16: The exclusive weapon level for Mythic heroes (0 = none).
A17: Bear joiner ready | B17: Calculated: owned, 4 stars or more, and first Expedition skill at level 5.
A19: Example (not part of the roster)
A20: Hero | B20: Molly (Gen 1, Mythic Lancer)
A21: What you would enter | B21: Have hero? Yes | Stars 5 | Star progress 0 | Exploration 5, 5, 4 | Expedition 5, 4, 3 | Widget level 6
A23: Sources and notes
A24: Hero data | B24: Classes, skills and values come from the official hero pages (whiteoutsurvival.wiki). Skill descriptions are our own wording. Hero list and generations follow the state timeline.
A25: Not included | B25: Gen 18 heroes (Aisha, Nikola, Jordan) are left out until their details are confirmed.
A26: Privacy | B26: This file stays on your computer. Nothing is sent anywhere unless you choose to import it into a tool.

Sheet Roster
A1: Gen | B1: Hero | C1: Rarity | D1: Class | E1: Have hero? | F1: Stars | G1: Star progress | H1: Exploration 1 Lv | I1: Exploration 2 Lv | J1: Exploration 3 Lv | K1: Expedition 1 Lv (first skill) | L1: Expedition 2 Lv | M1: Expedition 3 Lv | N1: Expedition 4 Lv (Natalia, Jeronimo only) | O1: Widget level | P1: Notes | Q1: Check | R1: Bear joiner ready? | S1: Hero ID
A2: 1 | B2: Jeronimo | C2: Mythic | D2: Infantry | Q2: =IF(E2="Yes",IF(((F2="")+(G2="")+(H2="")+(I2="")+(J2="")+(K2="")+(L2="")+(M2="")+(N2="")+(O2=""))>0,"Fill in the cream cells","OK"),IF(E2="No","Not owned","")) | R2: =IF(AND(E2="Yes",F2<>"",F2>=4,K2=5),"Yes","") | S2: jeronimo
A3: 1 | B3: Molly | C3: Mythic | D3: Lancer | N3: n/a | Q3: =IF(E3="Yes",IF(((F3="")+(G3="")+(H3="")+(I3="")+(J3="")+(K3="")+(L3="")+(M3="")+(O3=""))>0,"Fill in the cream cells","OK"),IF(E3="No","Not owned","")) | R3: =IF(AND(E3="Yes",F3<>"",F3>=4,K3=5),"Yes","") | S3: molly
A4: 1 | B4: Natalia | C4: Mythic | D4: Infantry | Q4: =IF(E4="Yes",IF(((F4="")+(G4="")+(H4="")+(I4="")+(J4="")+(K4="")+(L4="")+(M4="")+(N4="")+(O4=""))>0,"Fill in the cream cells","OK"),IF(E4="No","Not owned","")) | R4: =IF(AND(E4="Yes",F4<>"",F4>=4,K4=5),"Yes","") | S4: natalia
A5: 1 | B5: Zinman | C5: Mythic | D5: Marksman | N5: n/a | Q5: =IF(E5="Yes",IF(((F5="")+(G5="")+(H5="")+(I5="")+(J5="")+(K5="")+(L5="")+(M5="")+(O5=""))>0,"Fill in the cream cells","OK"),IF(E5="No","Not owned","")) | R5: =IF(AND(E5="Yes",F5<>"",F5>=4,K5=5),"Yes","") | S5: zinman
A6: 1 | B6: Bahiti | C6: Epic | D6: Marksman | M6: n/a | N6: n/a | O6: n/a | Q6: =IF(E6="Yes",IF(((F6="")+(G6="")+(H6="")+(I6="")+(J6="")+(K6="")+(L6=""))>0,"Fill in the cream cells","OK"),IF(E6="No","Not owned","")) | R6: =IF(AND(E6="Yes",F6<>"",F6>=4,K6=5),"Yes","") | S6: bahiti
A7: 1 | B7: Gina | C7: Epic | D7: Marksman | M7: n/a | N7: n/a | O7: n/a | Q7: =IF(E7="Yes",IF(((F7="")+(G7="")+(H7="")+(I7="")+(J7="")+(K7="")+(L7=""))>0,"Fill in the cream cells","OK"),IF(E7="No","Not owned","")) | R7: =IF(AND(E7="Yes",F7<>"",F7>=4,K7=5),"Yes","") | S7: gina
A8: 1 | B8: Jasser | C8: Epic | D8: Marksman | M8: n/a | N8: n/a | O8: n/a | Q8: =IF(E8="Yes",IF(((F8="")+(G8="")+(H8="")+(I8="")+(J8="")+(K8="")+(L8=""))>0,"Fill in the cream cells","OK"),IF(E8="No","Not owned","")) | R8: =IF(AND(E8="Yes",F8<>"",F8>=4,K8=5),"Yes","") | S8: jasser
A9: 1 | B9: Jessie | C9: Epic | D9: Lancer | M9: n/a | N9: n/a | O9: n/a | Q9: =IF(E9="Yes",IF(((F9="")+(G9="")+(H9="")+(I9="")+(J9="")+(K9="")+(L9=""))>0,"Fill in the cream cells","OK"),IF(E9="No","Not owned","")) | R9: =IF(AND(E9="Yes",F9<>"",F9>=4,K9=5),"Yes","") | S9: jessie
A10: 1 | B10: Ling Xue | C10: Epic | D10: Lancer | M10: n/a | N10: n/a | O10: n/a | Q10: =IF(E10="Yes",IF(((F10="")+(G10="")+(H10="")+(I10="")+(J10="")+(K10="")+(L10=""))>0,"Fill in the cream cells","OK"),IF(E10="No","Not owned","")) | R10: =IF(AND(E10="Yes",F10<>"",F10>=4,K10=5),"Yes","") | S10: ling-xue
A11: 1 | B11: Lumak Bokan | C11: Epic | D11: Lancer | M11: n/a | N11: n/a | O11: n/a | Q11: =IF(E11="Yes",IF(((F11="")+(G11="")+(H11="")+(I11="")+(J11="")+(K11="")+(L11=""))>0,"Fill in the cream cells","OK"),IF(E11="No","Not owned","")) | R11: =IF(AND(E11="Yes",F11<>"",F11>=4,K11=5),"Yes","") | S11: lumak-bokan
A12: 1 | B12: Patrick | C12: Epic | D12: Lancer | M12: n/a | N12: n/a | O12: n/a | Q12: =IF(E12="Yes",IF(((F12="")+(G12="")+(H12="")+(I12="")+(J12="")+(K12="")+(L12=""))>0,"Fill in the cream cells","OK"),IF(E12="No","Not owned","")) | R12: =IF(AND(E12="Yes",F12<>"",F12>=4,K12=5),"Yes","") | S12: patrick
A13: 1 | B13: Seo-yoon | C13: Epic | D13: Marksman | M13: n/a | N13: n/a | O13: n/a | Q13: =IF(E13="Yes",IF(((F13="")+(G13="")+(H13="")+(I13="")+(J13="")+(K13="")+(L13=""))>0,"Fill in the cream cells","OK"),IF(E13="No","Not owned","")) | R13: =IF(AND(E13="Yes",F13<>"",F13>=4,K13=5),"Yes","") | S13: seo-yoon
A14: 1 | B14: Sergey | C14: Epic | D14: Infantry | M14: n/a | N14: n/a | O14: n/a | Q14: =IF(E14="Yes",IF(((F14="")+(G14="")+(H14="")+(I14="")+(J14="")+(K14="")+(L14=""))>0,"Fill in the cream cells","OK"),IF(E14="No","Not owned","")) | R14: =IF(AND(E14="Yes",F14<>"",F14>=4,K14=5),"Yes","") | S14: sergey
A15: 1 | B15: Charlie | C15: Rare | D15: Lancer | J15: n/a | M15: n/a | N15: n/a | O15: n/a | Q15: =IF(E15="Yes",IF(((F15="")+(G15="")+(H15="")+(I15="")+(K15="")+(L15=""))>0,"Fill in the cream cells","OK"),IF(E15="No","Not owned","")) | R15: =IF(AND(E15="Yes",F15<>"",F15>=4,K15=5),"Yes","") | S15: charlie
A16: 1 | B16: Cloris | C16: Rare | D16: Marksman | J16: n/a | M16: n/a | N16: n/a | O16: n/a | Q16: =IF(E16="Yes",IF(((F16="")+(G16="")+(H16="")+(I16="")+(K16="")+(L16=""))>0,"Fill in the cream cells","OK"),IF(E16="No","Not owned","")) | R16: =IF(AND(E16="Yes",F16<>"",F16>=4,K16=5),"Yes","") | S16: cloris
A17: 1 | B17: Eugene | C17: Rare | D17: Infantry | J17: n/a | M17: n/a | N17: n/a | O17: n/a | Q17: =IF(E17="Yes",IF(((F17="")+(G17="")+(H17="")+(I17="")+(K17="")+(L17=""))>0,"Fill in the cream cells","OK"),IF(E17="No","Not owned","")) | R17: =IF(AND(E17="Yes",F17<>"",F17>=4,K17=5),"Yes","") | S17: eugene
A18: 1 | B18: Smith | C18: Rare | D18: Infantry | J18: n/a | M18: n/a | N18: n/a | O18: n/a | Q18: =IF(E18="Yes",IF(((F18="")+(G18="")+(H18="")+(I18="")+(K18="")+(L18=""))>0,"Fill in the cream cells","OK"),IF(E18="No","Not owned","")) | R18: =IF(AND(E18="Yes",F18<>"",F18>=4,K18=5),"Yes","") | S18: smith
A19: 2 | B19: Alonso | C19: Mythic | D19: Marksman | N19: n/a | Q19: =IF(E19="Yes",IF(((F19="")+(G19="")+(H19="")+(I19="")+(J19="")+(K19="")+(L19="")+(M19="")+(O19=""))>0,"Fill in the cream cells","OK"),IF(E19="No","Not owned","")) | R19: =IF(AND(E19="Yes",F19<>"",F19>=4,K19=5),"Yes","") | S19: alonso
A20: 2 | B20: Flint | C20: Mythic | D20: Infantry | N20: n/a | Q20: =IF(E20="Yes",IF(((F20="")+(G20="")+(H20="")+(I20="")+(J20="")+(K20="")+(L20="")+(M20="")+(O20=""))>0,"Fill in the cream cells","OK"),IF(E20="No","Not owned","")) | R20: =IF(AND(E20="Yes",F20<>"",F20>=4,K20=5),"Yes","") | S20: flint
A21: 2 | B21: Philly | C21: Mythic | D21: Lancer | N21: n/a | Q21: =IF(E21="Yes",IF(((F21="")+(G21="")+(H21="")+(I21="")+(J21="")+(K21="")+(L21="")+(M21="")+(O21=""))>0,"Fill in the cream cells","OK"),IF(E21="No","Not owned","")) | R21: =IF(AND(E21="Yes",F21<>"",F21>=4,K21=5),"Yes","") | S21: philly
A22: 3 | B22: Greg | C22: Mythic | D22: Marksman | N22: n/a | Q22: =IF(E22="Yes",IF(((F22="")+(G22="")+(H22="")+(I22="")+(J22="")+(K22="")+(L22="")+(M22="")+(O22=""))>0,"Fill in the cream cells","OK"),IF(E22="No","Not owned","")) | R22: =IF(AND(E22="Yes",F22<>"",F22>=4,K22=5),"Yes","") | S22: greg
A23: 3 | B23: Logan | C23: Mythic | D23: Infantry | N23: n/a | Q23: =IF(E23="Yes",IF(((F23="")+(G23="")+(H23="")+(I23="")+(J23="")+(K23="")+(L23="")+(M23="")+(O23=""))>0,"Fill in the cream cells","OK"),IF(E23="No","Not owned","")) | R23: =IF(AND(E23="Yes",F23<>"",F23>=4,K23=5),"Yes","") | S23: logan
A24: 3 | B24: Mia | C24: Mythic | D24: Lancer | N24: n/a | Q24: =IF(E24="Yes",IF(((F24="")+(G24="")+(H24="")+(I24="")+(J24="")+(K24="")+(L24="")+(M24="")+(O24=""))>0,"Fill in the cream cells","OK"),IF(E24="No","Not owned","")) | R24: =IF(AND(E24="Yes",F24<>"",F24>=4,K24=5),"Yes","") | S24: mia
A25: 4 | B25: Ahmose | C25: Mythic | D25: Infantry | N25: n/a | Q25: =IF(E25="Yes",IF(((F25="")+(G25="")+(H25="")+(I25="")+(J25="")+(K25="")+(L25="")+(M25="")+(O25=""))>0,"Fill in the cream cells","OK"),IF(E25="No","Not owned","")) | R25: =IF(AND(E25="Yes",F25<>"",F25>=4,K25=5),"Yes","") | S25: ahmose
A26: 4 | B26: Lynn | C26: Mythic | D26: Marksman | N26: n/a | Q26: =IF(E26="Yes",IF(((F26="")+(G26="")+(H26="")+(I26="")+(J26="")+(K26="")+(L26="")+(M26="")+(O26=""))>0,"Fill in the cream cells","OK"),IF(E26="No","Not owned","")) | R26: =IF(AND(E26="Yes",F26<>"",F26>=4,K26=5),"Yes","") | S26: lynn
A27: 4 | B27: Reina | C27: Mythic | D27: Lancer | N27: n/a | Q27: =IF(E27="Yes",IF(((F27="")+(G27="")+(H27="")+(I27="")+(J27="")+(K27="")+(L27="")+(M27="")+(O27=""))>0,"Fill in the cream cells","OK"),IF(E27="No","Not owned","")) | R27: =IF(AND(E27="Yes",F27<>"",F27>=4,K27=5),"Yes","") | S27: reina
A28: 5 | B28: Gwen | C28: Mythic | D28: Marksman | N28: n/a | Q28: =IF(E28="Yes",IF(((F28="")+(G28="")+(H28="")+(I28="")+(J28="")+(K28="")+(L28="")+(M28="")+(O28=""))>0,"Fill in the cream cells","OK"),IF(E28="No","Not owned","")) | R28: =IF(AND(E28="Yes",F28<>"",F28>=4,K28=5),"Yes","") | S28: gwen
A29: 5 | B29: Hector | C29: Mythic | D29: Infantry | N29: n/a | Q29: =IF(E29="Yes",IF(((F29="")+(G29="")+(H29="")+(I29="")+(J29="")+(K29="")+(L29="")+(M29="")+(O29=""))>0,"Fill in the cream cells","OK"),IF(E29="No","Not owned","")) | R29: =IF(AND(E29="Yes",F29<>"",F29>=4,K29=5),"Yes","") | S29: hector
A30: 5 | B30: Norah | C30: Mythic | D30: Lancer | N30: n/a | Q30: =IF(E30="Yes",IF(((F30="")+(G30="")+(H30="")+(I30="")+(J30="")+(K30="")+(L30="")+(M30="")+(O30=""))>0,"Fill in the cream cells","OK"),IF(E30="No","Not owned","")) | R30: =IF(AND(E30="Yes",F30<>"",F30>=4,K30=5),"Yes","") | S30: norah
... A66: 17 | B66: Eleanor | C66: Mythic | D66: Marksman | N66: n/a | Q66: =IF(E66="Yes",IF(((F66="")+(G66="")+(H66="")+(I66="")+(J66="")+(K66="")+(L66="")+(M66="")+(O66=""))>0,"Fill in the cream cells","OK"),IF(E66="No","Not owned","")) | R66: =IF(AND(E66="Yes",F66<>"",F66>=4,K66=5),"Yes","") | S66: eleanor

Sheet Summary
A1: Roster summary
A2: Everything on this sheet is calculated from the Roster sheet. Do not type here.
A4: Gen | B4: Heroes listed | C4: Owned | D4: Owned at 4 stars or more | E4: Bear joiner ready | F4: Still to fill in
A5: 1 | B5: =COUNTIFS(Roster!$A$2:$A$66,A5) | C5: =COUNTIFS(Roster!$A$2:$A$66,A5,Roster!$E$2:$E$66,"Yes") | D5: =COUNTIFS(Roster!$A$2:$A$66,A5,Roster!$E$2:$E$66,"Yes",Roster!$F$2:$F$66,">=4") | E5: =COUNTIFS(Roster!$A$2:$A$66,A5,Roster!$R$2:$R$66,"Yes") | F5: =COUNTIFS(Roster!$A$2:$A$66,A5,Roster!$Q$2:$Q$66,"Fill*")
A6: 2 | B6: =COUNTIFS(Roster!$A$2:$A$66,A6) | C6: =COUNTIFS(Roster!$A$2:$A$66,A6,Roster!$E$2:$E$66,"Yes") | D6: =COUNTIFS(Roster!$A$2:$A$66,A6,Roster!$E$2:$E$66,"Yes",Roster!$F$2:$F$66,">=4") | E6: =COUNTIFS(Roster!$A$2:$A$66,A6,Roster!$R$2:$R$66,"Yes") | F6: =COUNTIFS(Roster!$A$2:$A$66,A6,Roster!$Q$2:$Q$66,"Fill*")
A7: 3 | B7: =COUNTIFS(Roster!$A$2:$A$66,A7) | C7: =COUNTIFS(Roster!$A$2:$A$66,A7,Roster!$E$2:$E$66,"Yes") | D7: =COUNTIFS(Roster!$A$2:$A$66,A7,Roster!$E$2:$E$66,"Yes",Roster!$F$2:$F$66,">=4") | E7: =COUNTIFS(Roster!$A$2:$A$66,A7,Roster!$R$2:$R$66,"Yes") | F7: =COUNTIFS(Roster!$A$2:$A$66,A7,Roster!$Q$2:$Q$66,"Fill*")
A8: 4 | B8: =COUNTIFS(Roster!$A$2:$A$66,A8) | C8: =COUNTIFS(Roster!$A$2:$A$66,A8,Roster!$E$2:$E$66,"Yes") | D8: =COUNTIFS(Roster!$A$2:$A$66,A8,Roster!$E$2:$E$66,"Yes",Roster!$F$2:$F$66,">=4") | E8: =COUNTIFS(Roster!$A$2:$A$66,A8,Roster!$R$2:$R$66,"Yes") | F8: =COUNTIFS(Roster!$A$2:$A$66,A8,Roster!$Q$2:$Q$66,"Fill*")
A9: 5 | B9: =COUNTIFS(Roster!$A$2:$A$66,A9) | C9: =COUNTIFS(Roster!$A$2:$A$66,A9,Roster!$E$2:$E$66,"Yes") | D9: =COUNTIFS(Roster!$A$2:$A$66,A9,Roster!$E$2:$E$66,"Yes",Roster!$F$2:$F$66,">=4") | E9: =COUNTIFS(Roster!$A$2:$A$66,A9,Roster!$R$2:$R$66,"Yes") | F9: =COUNTIFS(Roster!$A$2:$A$66,A9,Roster!$Q$2:$Q$66,"Fill*")
A10: 6 | B10: =COUNTIFS(Roster!$A$2:$A$66,A10) | C10: =COUNTIFS(Roster!$A$2:$A$66,A10,Roster!$E$2:$E$66,"Yes") | D10: =COUNTIFS(Roster!$A$2:$A$66,A10,Roster!$E$2:$E$66,"Yes",Roster!$F$2:$F$66,">=4") | E10: =COUNTIFS(Roster!$A$2:$A$66,A10,Roster!$R$2:$R$66,"Yes") | F10: =COUNTIFS(Roster!$A$2:$A$66,A10,Roster!$Q$2:$Q$66,"Fill*")
A11: 7 | B11: =COUNTIFS(Roster!$A$2:$A$66,A11) | C11: =COUNTIFS(Roster!$A$2:$A$66,A11,Roster!$E$2:$E$66,"Yes") | D11: =COUNTIFS(Roster!$A$2:$A$66,A11,Roster!$E$2:$E$66,"Yes",Roster!$F$2:$F$66,">=4") | E11: =COUNTIFS(Roster!$A$2:$A$66,A11,Roster!$R$2:$R$66,"Yes") | F11: =COUNTIFS(Roster!$A$2:$A$66,A11,Roster!$Q$2:$Q$66,"Fill*")
A12: 8 | B12: =COUNTIFS(Roster!$A$2:$A$66,A12) | C12: =COUNTIFS(Roster!$A$2:$A$66,A12,Roster!$E$2:$E$66,"Yes") | D12: =COUNTIFS(Roster!$A$2:$A$66,A12,Roster!$E$2:$E$66,"Yes",Roster!$F$2:$F$66,">=4") | E12: =COUNTIFS(Roster!$A$2:$A$66,A12,Roster!$R$2:$R$66,"Yes") | F12: =COUNTIFS(Roster!$A$2:$A$66,A12,Roster!$Q$2:$Q$66,"Fill*")
A13: 9 | B13: =COUNTIFS(Roster!$A$2:$A$66,A13) | C13: =COUNTIFS(Roster!$A$2:$A$66,A13,Roster!$E$2:$E$66,"Yes") | D13: =COUNTIFS(Roster!$A$2:$A$66,A13,Roster!$E$2:$E$66,"Yes",Roster!$F$2:$F$66,">=4") | E13: =COUNTIFS(Roster!$A$2:$A$66,A13,Roster!$R$2:$R$66,"Yes") | F13: =COUNTIFS(Roster!$A$2:$A$66,A13,Roster!$Q$2:$Q$66,"Fill*")
A14: 10 | B14: =COUNTIFS(Roster!$A$2:$A$66,A14) | C14: =COUNTIFS(Roster!$A$2:$A$66,A14,Roster!$E$2:$E$66,"Yes") | D14: =COUNTIFS(Roster!$A$2:$A$66,A14,Roster!$E$2:$E$66,"Yes",Roster!$F$2:$F$66,">=4") | E14: =COUNTIFS(Roster!$A$2:$A$66,A14,Roster!$R$2:$R$66,"Yes") | F14: =COUNTIFS(Roster!$A$2:$A$66,A14,Roster!$Q$2:$Q$66,"Fill*")
A15: 11 | B15: =COUNTIFS(Roster!$A$2:$A$66,A15) | C15: =COUNTIFS(Roster!$A$2:$A$66,A15,Roster!$E$2:$E$66,"Yes") | D15: =COUNTIFS(Roster!$A$2:$A$66,A15,Roster!$E$2:$E$66,"Yes",Roster!$F$2:$F$66,">=4") | E15: =COUNTIFS(Roster!$A$2:$A$66,A15,Roster!$R$2:$R$66,"Yes") | F15: =COUNTIFS(Roster!$A$2:$A$66,A15,Roster!$Q$2:$Q$66,"Fill*")
A16: 12 | B16: =COUNTIFS(Roster!$A$2:$A$66,A16) | C16: =COUNTIFS(Roster!$A$2:$A$66,A16,Roster!$E$2:$E$66,"Yes") | D16: =COUNTIFS(Roster!$A$2:$A$66,A16,Roster!$E$2:$E$66,"Yes",Roster!$F$2:$F$66,">=4") | E16: =COUNTIFS(Roster!$A$2:$A$66,A16,Roster!$R$2:$R$66,"Yes") | F16: =COUNTIFS(Roster!$A$2:$A$66,A16,Roster!$Q$2:$Q$66,"Fill*")
... A21: 17 | B21: =COUNTIFS(Roster!$A$2:$A$66,A21) | C21: =COUNTIFS(Roster!$A$2:$A$66,A21,Roster!$E$2:$E$66,"Yes") | D21: =COUNTIFS(Roster!$A$2:$A$66,A21,Roster!$E$2:$E$66,"Yes",Roster!$F$2:$F$66,">=4") | E21: =COUNTIFS(Roster!$A$2:$A$66,A21,Roster!$R$2:$R$66,"Yes") | F21: =COUNTIFS(Roster!$A$2:$A$66,A21,Roster!$Q$2:$Q$66,"Fill*")
A22: Total | B22: =SUM(B5:B21) | C22: =SUM(C5:C21) | D22: =SUM(D5:D21) | E22: =SUM(E5:E21) | F22: =SUM(F5:F21)
A24: Bear joiner ready means: you own the hero, it is at 4 stars or more, and its first Expedition skill is level 5. Whether that first skill actually adds damage depends on the hero, so check the hero guide before relying on it.

Sheet Skills reference
A1: Hero | B1: Gen | C1: Type | D1: Skill no. | E1: Skill name | F1: What it does | G1: Value | H1: Lv 1 | I1: Lv 2 | J1: Lv 3 | K1: Lv 4 | L1: Lv 5
A2: Jeronimo | B2: 1 | C2: Exploration | D2: 1 | E2: Combo Slash | F2: Launches enemies in the area into the air, then follows up with three slashes. | G2: Damage per slash (x Attack) | H2: 160% | I2: 176% | J2: 192% | K2: 208% | L2: 224%
A3: Jeronimo | B3: 1 | C3: Exploration | D3: 2 | E3: Sword Art | F3: Each of his attacks sends out sword energy that hits enemies in a line ahead. | G3: Energy damage (x Attack) | H3: 15% | I3: 17% | J3: 19% | K3: 21% | L3: 23%
A4: Jeronimo | B4: 1 | C4: Exploration | D4: 3 | E4: Lone Wolf | F4: He hits harder while he is above 50% Health. | G4: Attack bonus | H4: 16% | I4: 24% | J4: 32% | K4: 40% | L4: 48%
A5: Jeronimo | B5: 1 | C5: Expedition | D5: 1 | E5: Battle Manifesto | F5: Raises the damage your whole squad deals. | G5: Damage dealt bonus | H5: 5% | I5: 10% | J5: 15% | K5: 20% | L5: 25%
A6: Jeronimo | B6: 1 | C6: Expedition | D6: 2 | E6: Swordmentor | F6: Raises the Attack of every troop in your squad. | G6: Attack bonus | H6: 5% | I6: 10% | J6: 15% | K6: 20% | L6: 25%
A7: Jeronimo | B7: 1 | C7: Expedition | D7: 3 | E7: Expert Swordsmanship | F7: Every 4 turns, your squad gains a damage boost lasting 2 turns. | G7: Damage dealt bonus | H7: 6% | I7: 12% | J7: 18% | K7: 24% | L7: 30%
A8: Jeronimo | B8: 1 | C8: Expedition | D8: 4 | E8: Natural Leader | F8: A bonus fourth Expedition skill that boosts Lethality and Health for all troops. | G8: Lethality and Health bonus | H8: 3% | I8: 6% | J8: 9% | K8: 12% | L8: 15%
A9: Molly | B9: 1 | C9: Exploration | D9: 1 | E9: Super Snowball | F9: Throws a big snowball that damages an area and freezes everything it hits for 1.5 seconds. | G9: Area damage (x Attack) | H9: 180% | I9: 198% | J9: 216% | K9: 234% | L9: 252%
A10: Molly | B10: 1 | C10: Exploration | D10: 2 | E10: Frost Ambush | F10: A surprise strike on the target for solid single-target damage. | G10: Damage (x Attack) | H10: 150% | I10: 165% | J10: 180% | K10: 195% | L10: 210%
A11: Molly | B11: 1 | C11: Exploration | D11: 3 | E11: Youthful Persistence | F11: When her Health drops below 50%, she attacks faster. | G11: Attack Speed bonus | H11: 20% | I11: 30% | J11: 40% | K11: 50% | L11: 60%
A12: Molly | B12: 1 | C12: Expedition | D12: 1 | E12: Snow's Grace | F12: 40% chance to reduce the damage your whole squad takes. | G12: Damage taken reduction on proc | H12: 10% | I12: 20% | J12: 30% | K12: 40% | L12: 50%
A13: Molly | B13: 1 | C13: Expedition | D13: 2 | E13: Ice Dominion | F13: Each troop attack has a 50% chance to deal extra damage. | G13: Extra damage on proc | H13: 10% | I13: 20% | J13: 30% | K13: 40% | L13: 50%
... A489: Eleanor | B489: 17 | C489: Expedition | D489: 3 | E489: Trajectoids | F489: Every 2 attacks her Marksmen deal extra damage to enemy Marksmen. | G489: Bonus vs Marksmen | H489: 12% | I489: 24% | J489: 36% | K489: 48% | L489: 60%

Sheet Lists
A1: Yes / No | B1: Stars | C1: Star progress | D1: Skill level | E1: Widget level | G1: Notes
A2: Yes | B2: 0 | C2: 0 | D2: 1 | E2: 0 | G2: These are the dropdown choices. You can edit them if the game changes.
A3: No | B3: 1 | C3: 1 | D3: 2 | E3: 1 | G3: Star progress: how many of the 5 segments towards your next star you have filled (0 to 5). Leave at 0 for a 5-star hero.
B4: 2 | C4: 2 | D4: 3 | E4: 2 | G4: Widget level: the exclusive weapon level. Assumed 0 (none) to 10. Epic and Rare heroes have no widgets.
B5: 3 | C5: 3 | D5: 4 | E5: 3
B6: 4 | C6: 4 | D6: 5 | E6: 4
B7: 5 | C7: 5 | E7: 5
E8: 6
E9: 7
E10: 8
E11: 9
E12: 10
